{
    "accuracy": 0.8672542372881356,
    "precision": 0.8701433086395101,
    "recall": 0.8672542372881356,
    "f1_score": 0.8661448789313936
}