{
    "accuracy": 0.8611111111111112,
    "precision": 0.8639070215907252,
    "recall": 0.8611111111111112,
    "f1_score": 0.8598781390619021
}